{
  "name": "RPA_ConsultaConductores",
  "description": "Robotic Enterprise Framework",
  "main": "Main.xaml",
  "dependencies": {
    "UiPath.Excel.Activities": "[2.7.2]",
    "UiPath.Mail.Activities": "1.7.2",
    "UiPath.System.Activities": "[19.4.4]",
    "UiPath.UIAutomation.Activities": "[19.4.4]"
  },
  "webServices": [],
  "schemaVersion": "4.0",
  "studioVersion": "19.4.4.0",
  "projectVersion": "1.0.0",
  "runtimeOptions": {
    "autoDispose": false,
    "isPausable": true,
    "requiresUserInteraction": true,
    "supportsPersistence": false,
    "excludedLoggedData": [
      "Private:*",
      "*password*"
    ],
    "executionType": "Workflow"
  },
  "designOptions": {
    "projectProfile": "Developement",
    "outputType": "Process",
    "libraryOptions": {
      "includeOriginalXaml": false,
      "privateWorkflows": []
    },
    "fileInfos": []
  },
  "expressionLanguage": "VisualBasic"
}